population,loc,region_col,region_let,my_big_region,family,individual,field_code,x_coord,y_coord,xy_coord,block,prev_damage,curr_damage,total_damage
AB,Abernethy,blue,D,B,AB10,AB10_4,7161,6,1,"6,1",1,12,1,13
AB,Abernethy,blue,D,B,AB1,AB1_30,7293,10,5,"10,5",1,46,0,46
AB,Abernethy,blue,D,B,AB3,AB3_4,7450,15,2,"15,2",1,4,2,6
AB,Abernethy,blue,D,B,AB2,AB2_11,7451,15,3,"15,3",1,8,1,9
AB,Abernethy,blue,D,B,AB5,AB5_19,7516,17,4,"17,4",1,21,0,21
AB,Abernethy,blue,D,B,AB6,AB6_30,7577,19,1,"19,1",1,9,0,9
AB,Abernethy,blue,D,B,AB9,AB9_1,7579,19,3,"19,3",1,0,0,0
AB,Abernethy,blue,D,B,AB4,AB4_19,7583,19,7,"19,7",1,19,0,19
AB,Abernethy,blue,D,B,AB4,AB4_12,7046,23,6,"23,6",2,5,0,5
AB,Abernethy,blue,D,B,AB1,AB1_27,7109,25,5,"25,5",2,0,7,7
AB,Abernethy,blue,D,B,AB6,AB6_20,7170,27,2,"27,2",2,0,0,0
AB,Abernethy,blue,D,B,AB2,AB2_19,7240,29,8,"29,8",2,2,0,2
AB,Abernethy,blue,D,B,AB3,AB3_23,7398,34,6,"34,6",2,6,0,6
AB,Abernethy,blue,D,B,AB9,AB9_11,7432,35,8,"35,8",2,16,0,16
AB,Abernethy,blue,D,B,AB10,AB10_12,7458,36,2,"36,2",2,0,0,0
AB,Abernethy,blue,D,B,AB5,AB5_27,7621,41,5,"41,5",2,1,0,1
AB,Abernethy,blue,D,B,AB6,AB6_18,7023,43,7,"43,7",3,0,9,9
AB,Abernethy,blue,D,B,AB5,AB5_4,7119,46,7,"46,7",3,0,0,0
AB,Abernethy,blue,D,B,AB9,AB9_4,7306,52,2,"52,2",3,1,1,2
AB,Abernethy,blue,D,B,AB4,AB4_4,7438,56,6,"56,6",3,0,24,24
AB,Abernethy,blue,D,B,AB10,AB10_1,7433,56,1,"56,1",3,10,13,23
AB,Abernethy,blue,D,B,AB3,AB3_18,7536,59,8,"59,8",3,10,10,20
AB,Abernethy,blue,D,B,AB1,AB1_23,7561,60,1,"60,1",3,0,0,0
AB,Abernethy,blue,D,B,AB2,AB2_4,7659,63,3,"63,3",3,7,19,26
AB,Abernethy,blue,D,B,AB6,AB6_11,7159,68,7,"68,7",4,3,0,3
AB,Abernethy,blue,D,B,AB5,AB5_18,7185,69,1,"69,1",4,32,0,32
AB,Abernethy,blue,D,B,AB2,AB2_18,7256,71,8,"71,8",4,10,0,10
AB,Abernethy,blue,D,B,AB3,AB3_1,7350,74,6,"74,6",4,0,0,0
AB,Abernethy,blue,D,B,AB10,AB10_27,7410,76,2,"76,2",4,0,0,0
AB,Abernethy,blue,D,B,AB4,AB4_11,7446,77,6,"77,6",4,3,0,3
AB,Abernethy,blue,D,B,AB9,AB9_18,7512,79,8,"79,8",4,0,0,0
AB,Abernethy,blue,D,B,AB1,AB1_19,7569,81,1,"81,1",4,0,0,0
AC,Allt Cul,brown,E,B,AC9,AC9_4,7099,4,3,"4,3",1,2,0,2
AC,Allt Cul,brown,E,B,AC3,AC3_27,7162,6,2,"6,2",1,7,7,14
AC,Allt Cul,brown,E,B,AC1,AC1_23,7230,8,6,"8,6",1,34,2,36
AC,Allt Cul,brown,E,B,AC2,AC2_11,7291,10,3,"10,3",1,3,0,3
AC,Allt Cul,brown,E,B,AC5,AC5_19,7392,13,8,"13,8",1,0,2,2
AC,Allt Cul,brown,E,B,AC8,AC8_19,7453,15,5,"15,5",1,3,0,3
AC,Allt Cul,brown,E,B,AC6,AC6_1,7517,17,5,"17,5",1,19,0,19
AC,Allt Cul,brown,E,B,AC7,AC7_12,7611,20,3,"20,3",1,31,0,31
AC,Allt Cul,brown,E,B,AC9,AC9_11,7142,26,6,"26,6",2,0,0,0
AC,Allt Cul,brown,E,B,AC8,AC8_20,7174,27,6,"27,6",2,7,0,7
AC,Allt Cul,brown,E,B,AC5,AC5_1,7336,32,8,"32,8",2,3,1,4
AC,Allt Cul,brown,E,B,AC6,AC6_11,7331,32,3,"32,3",2,1,0,1
AC,Allt Cul,brown,E,B,AC1,AC1_12,7329,32,1,"32,1",2,6,0,6
AC,Allt Cul,brown,E,B,AC2,AC2_4,7464,36,8,"36,8",2,2,1,3
AC,Allt Cul,brown,E,B,AC7,AC7_20,7592,40,8,"40,8",2,12,0,12
AC,Allt Cul,brown,E,B,AC3,AC3_18,7591,40,7,"40,7",2,1,0,1
AC,Allt Cul,brown,E,B,AC1,AC1_27,7050,44,2,"44,2",3,4,0,4
AC,Allt Cul,brown,E,B,AC2,AC2_18,7049,44,1,"44,1",3,0,0,0
AC,Allt Cul,brown,E,B,AC8,AC8_18,7184,48,8,"48,8",3,1,4,5
AC,Allt Cul,brown,E,B,AC3,AC3_12,7374,54,6,"54,6",3,10,0,10
AC,Allt Cul,brown,E,B,AC7,AC7_19,7439,56,7,"56,7",3,7,5,12
AC,Allt Cul,brown,E,B,AC5,AC5_23,7503,58,7,"58,7",3,0,1,1
AC,Allt Cul,brown,E,B,AC6,AC6_27,7626,62,2,"62,2",3,4,3,7
AC,Allt Cul,brown,E,B,AC9,AC9_27,7660,63,4,"63,4",3,54,22,76
AC,Allt Cul,brown,E,B,AC7,AC7_11,7032,64,8,"64,8",4,2,13,15
AC,Allt Cul,brown,E,B,AC6,AC6_18,7314,73,2,"73,2",4,4,0,4
AC,Allt Cul,brown,E,B,AC1,AC1_18,7351,74,7,"74,7",4,1,0,1
AC,Allt Cul,brown,E,B,AC9,AC9_30,7346,74,2,"74,2",4,0,0,0
AC,Allt Cul,brown,E,B,AC2,AC2_30,7474,78,2,"78,2",4,6,0,6
AC,Allt Cul,brown,E,B,AC5,AC5_20,7505,79,1,"79,1",4,0,0,0
AC,Allt Cul,brown,E,B,AC3,AC3_4,7508,79,4,"79,4",4,0,0,0
AC,Allt Cul,brown,E,B,AC8,AC8_1,7541,80,5,"80,5",4,1,0,1
AM,Amat,black,C,A,AM9,AM9_4,7036,2,4,"2,4",1,0,0,0
AM,Amat,black,C,A,AM4,AM4_12,7034,2,2,"2,2",1,0,2,2
AM,Amat,black,C,A,AM10,AM10_4,7103,4,7,"4,7",1,2,3,5
AM,Amat,black,C,A,AM6,AM6_12,7098,4,2,"4,2",1,0,0,0
AM,Amat,black,C,A,AM1,AM1_19,7164,6,4,"6,4",1,1,14,15
AM,Amat,black,C,A,AM8,AM8_11,7163,6,3,"6,3",1,3,0,3
AM,Amat,black,C,A,AM5,AM5_27,7421,14,5,"14,5",1,9,0,9
AM,Amat,black,C,A,AM3,AM3_19,7481,16,1,"16,1",1,0,0,0
AM,Amat,black,C,A,AM1,AM1_12,7077,24,5,"24,5",2,2,0,2
AM,Amat,black,C,A,AM8,AM8_20,7074,24,2,"24,2",2,1,0,1
AM,Amat,black,C,A,AM9,AM9_11,7108,25,4,"25,4",2,0,0,0
AM,Amat,black,C,A,AM10,AM10_12,7460,36,4,"36,4",2,0,15,15
AM,Amat,black,C,A,AM4,AM4_11,7554,39,2,"39,2",2,1,0,1
AM,Amat,black,C,A,AM6,AM6_23,7560,39,8,"39,8",2,20,0,20
AM,Amat,black,C,A,AM3,AM3_12,7617,41,1,"41,1",2,0,0,0
AM,Amat,black,C,A,AM5,AM5_23,7656,42,8,"42,8",2,28,0,28
AM,Amat,black,C,A,AM1,AM1_30,7017,43,1,"43,1",3,8,0,8
AM,Amat,black,C,A,AM8,AM8_23,7051,44,3,"44,3",3,23,0,23
AM,Amat,black,C,A,AM5,AM5_1,7113,46,1,"46,1",3,7,0,7
AM,Amat,black,C,A,AM10,AM10_1,7152,47,8,"47,8",3,28,0,28
AM,Amat,black,C,A,AM6,AM6_20,7310,52,6,"52,6",3,0,11,11
AM,Amat,black,C,A,AM3,AM3_23,7305,52,1,"52,1",3,0,0,0
AM,Amat,black,C,A,AM4,AM4_23,7440,56,8,"56,8",3,23,8,31
AM,Amat,black,C,A,AM9,AM9_1,7632,62,8,"62,8",3,74,0,74
AM,Amat,black,C,A,AM4,AM4_30,7124,67,4,"67,4",4,11,22,33
AM,Amat,black,C,A,AM3,AM3_27,7127,67,7,"67,7",4,0,0,0
AM,Amat,black,C,A,AM5,AM5_19,7251,71,3,"71,3",4,0,0,0
AM,Amat,black,C,A,AM1,AM1_11,7287,72,7,"72,7",4,0,0,0
AM,Amat,black,C,A,AM6,AM6_30,7318,73,6,"73,6",4,1,0,1
AM,Amat,black,C,A,AM8,AM8_1,7379,75,3,"75,3",4,0,3,3
AM,Amat,black,C,A,AM10,AM10_30,7381,75,5,"75,5",4,0,0,0
AM,Amat,black,C,A,AM9,AM9_18,7477,78,5,"78,5",4,1,0,1
BB,Ballochuie,brown,E,B,BB8,BB8_30,7007,1,7,"1,7",1,3,0,3
BB,Ballochuie,brown,E,B,BB2,BB2_12,7039,2,7,"2,7",1,3,0,3
BB,Ballochuie,brown,E,B,BB1,BB1_27,7232,8,8,"8,8",1,6,0,6
BB,Ballochuie,brown,E,B,BB7,BB7_23,7227,8,3,"8,3",1,7,0,7
BB,Ballochuie,brown,E,B,BB9,BB9_18,7225,8,1,"8,1",1,5,1,6
BB,Ballochuie,brown,E,B,BB5,BB5_19,7326,11,6,"11,6",1,6,0,6
BB,Ballochuie,brown,E,B,BB4,BB4_12,7387,13,3,"13,3",1,13,4,17
BB,Ballochuie,brown,E,B,BB3,BB3_Blank,7424,14,8,"14,8",1,0,0,0
BB,Ballochuie,brown,E,B,BB9,BB9_20,7016,22,8,"22,8",2,5,0,5
BB,Ballochuie,brown,E,B,BB5,BB5_30,7171,27,3,"27,3",2,0,0,0
BB,Ballochuie,brown,E,B,BB1,BB1_23,7238,29,6,"29,6",2,12,0,12
BB,Ballochuie,brown,E,B,BB7,BB7_12,7268,30,4,"30,4",2,0,2,2
BB,Ballochuie,brown,E,B,BB3,BB3_20,7399,34,7,"34,7",2,0,0,0
BB,Ballochuie,brown,E,B,BB8,BB8_1,7490,37,2,"37,2",2,3,1,4
BB,Ballochuie,brown,E,B,BB2,BB2_1,7590,40,6,"40,6",2,0,1,1
BB,Ballochuie,brown,E,B,BB4,BB4_11,7587,40,3,"40,3",2,3,0,3
BB,Ballochuie,brown,E,B,BB2,BB2_11,7055,44,7,"44,7",3,0,7,7
BB,Ballochuie,brown,E,B,BB9,BB9_30,7086,45,6,"45,6",3,50,0,50
BB,Ballochuie,brown,E,B,BB7,BB7_20,7181,48,5,"48,5",3,2,30,32
BB,Ballochuie,brown,E,B,BB8,BB8_4,7337,53,1,"53,1",3,2,0,2
BB,Ballochuie,brown,E,B,BB1,BB1_18,7504,58,8,"58,8",3,0,2,2
BB,Ballochuie,brown,E,B,BB4,BB4_4,7529,59,1,"59,1",3,8,3,11
BB,Ballochuie,brown,E,B,BB5,BB5_23,7600,61,8,"61,8",3,27,0,27
BB,Ballochuie,brown,E,B,BB3,BB3_12,7657,63,1,"63,1",3,1,8,9
BB,Ballochuie,brown,E,B,BB9,BB9_4,7059,65,3,"65,3",4,1,2,3
BB,Ballochuie,brown,E,B,BB3,BB3_19,7126,67,6,"67,6",4,1,0,1
BB,Ballochuie,brown,E,B,BB7,BB7_18,7224,70,8,"70,8",4,6,3,9
BB,Ballochuie,brown,E,B,BB8,BB8_18,7316,73,4,"73,4",4,3,0,3
BB,Ballochuie,brown,E,B,BB4,BB4_30,7413,76,5,"76,5",4,2,0,2
BB,Ballochuie,brown,E,B,BB5,BB5_27,7412,76,4,"76,4",4,0,1,1
BB,Ballochuie,brown,E,B,BB1,BB1_19,7409,76,1,"76,1",4,3,0,3
BB,Ballochuie,brown,E,B,BB2,BB2_4,7542,80,6,"80,6",4,2,2,4
BE,Beinn Eighe,yellow,B,A,BE4,BE4_12,7003,1,3,"1,3",1,2,0,2
BE,Beinn Eighe,yellow,B,A,BE8,BE8_18,7033,2,1,"2,1",1,34,2,36
BE,Beinn Eighe,yellow,B,A,BE2,BE2_12,7069,3,5,"3,5",1,1,0,1
BE,Beinn Eighe,yellow,B,A,BE5,BE5_1,7132,5,4,"5,4",1,0,0,0
BE,Beinn Eighe,yellow,B,A,BE9,BE9_30,7360,12,8,"12,8",1,5,0,5
BE,Beinn Eighe,yellow,B,A,BE1,BE1_12,7417,14,1,"14,1",1,3,0,3
BE,Beinn Eighe,yellow,B,A,BE7,BE7_23,7455,15,7,"15,7",1,1,0,1
BE,Beinn Eighe,yellow,B,A,BE3,BE3_4,7514,17,2,"17,2",1,23,1,24
BE,Beinn Eighe,yellow,B,A,BE9,BE9_4,7013,22,5,"22,5",2,1,0,1
BE,Beinn Eighe,yellow,B,A,BE8,BE8_4,7105,25,1,"25,1",2,0,0,0
BE,Beinn Eighe,yellow,B,A,BE2,BE2_11,7141,26,5,"26,5",2,0,0,0
BE,Beinn Eighe,yellow,B,A,BE3,BE3_23,7237,29,5,"29,5",2,3,0,3
BE,Beinn Eighe,yellow,B,A,BE4,BE4_30,7267,30,3,"30,3",2,0,0,0
BE,Beinn Eighe,yellow,B,A,BE5,BE5_27,7334,32,6,"32,6",2,0,0,0
BE,Beinn Eighe,yellow,B,A,BE7,BE7_12,7585,40,1,"40,1",2,0,0,0
BE,Beinn Eighe,yellow,B,A,BE1,BE1_19,7654,42,6,"42,6",2,5,1,6
BE,Beinn Eighe,yellow,B,A,BE7,BE7_1,7019,43,3,"43,3",3,0,0,0
BE,Beinn Eighe,yellow,B,A,BE5,BE5_19,7146,47,2,"47,2",3,1,1,2
BE,Beinn Eighe,yellow,B,A,BE1,BE1_30,7179,48,3,"48,3",3,7,1,8
BE,Beinn Eighe,yellow,B,A,BE3,BE3_20,7245,50,5,"50,5",3,2,1,3
BE,Beinn Eighe,yellow,B,A,BE8,BE8_19,7241,50,1,"50,1",3,1,0,1
BE,Beinn Eighe,yellow,B,A,BE9,BE9_27,7401,55,1,"55,1",3,9,0,9
BE,Beinn Eighe,yellow,B,A,BE2,BE2_1,7500,58,4,"58,4",3,6,14,20
BE,Beinn Eighe,yellow,B,A,BE4,BE4_23,7663,63,7,"63,7",3,3,0,3
BE,Beinn Eighe,yellow,B,A,BE1,BE1_27,7026,64,2,"64,2",4,0,39,39
BE,Beinn Eighe,yellow,B,A,BE3,BE3_27,7156,68,4,"68,4",4,1,0,1
BE,Beinn Eighe,yellow,B,A,BE9,BE9_12,7153,68,1,"68,1",4,5,6,11
BE,Beinn Eighe,yellow,B,A,BE8,BE8_1,7317,73,5,"73,5",4,0,0,0
BE,Beinn Eighe,yellow,B,A,BE7,BE7_20,7378,75,2,"75,2",4,0,0,0
BE,Beinn Eighe,yellow,B,A,BE5,BE5_23,7509,79,5,"79,5",4,2,1,3
BE,Beinn Eighe,yellow,B,A,BE2,BE2_30,7510,79,6,"79,6",4,0,0,0
BE,Beinn Eighe,yellow,B,A,BE4,BE4_27,7607,82,7,"82,7",4,0,0,0
BW,Black Wood of Rannoch,purple,G,C,BW6,BW6_11,7035,2,3,"2,3",1,0,4,4
BW,Black Wood of Rannoch,purple,G,C,BW3,BW3_27,7101,4,5,"4,5",1,4,0,4
BW,Black Wood of Rannoch,purple,G,C,BW9,BW9_12,7228,8,4,"8,4",1,1,0,1
BW,Black Wood of Rannoch,purple,G,C,BW2,BW2_11,7261,9,5,"9,5",1,39,1,40
BW,Black Wood of Rannoch,purple,G,C,BW4,BW4_4,7323,11,3,"11,3",1,19,0,19
BW,Black Wood of Rannoch,purple,G,C,BW10,BW10_27,7357,12,5,"12,5",1,0,1,1
BW,Black Wood of Rannoch,purple,G,C,BW7,BW7_12,7581,19,5,"19,5",1,15,3,18
BW,Black Wood of Rannoch,purple,G,C,BW8,BW8_4,7644,21,4,"21,4",1,0,1,1
BW,Black Wood of Rannoch,purple,G,C,BW8,BW8_30,7045,23,5,"23,5",2,0,0,0
BW,Black Wood of Rannoch,purple,G,C,BW9,BW9_11,7110,25,6,"25,6",2,2,1,3
BW,Black Wood of Rannoch,purple,G,C,BW6,BW6_12,7173,27,5,"27,5",2,0,0,0
BW,Black Wood of Rannoch,purple,G,C,BW2,BW2_1,7362,33,2,"33,2",2,0,4,4
BW,Black Wood of Rannoch,purple,G,C,BW7,BW7_20,7366,33,6,"33,6",2,0,0,0
BW,Black Wood of Rannoch,purple,G,C,BW10,BW10_1,7396,34,4,"34,4",2,0,0,0
BW,Black Wood of Rannoch,purple,G,C,BW4,BW4_11,7428,35,4,"35,4",2,1,3,4
BW,Black Wood of Rannoch,purple,G,C,BW3,BW3_20,7429,35,5,"35,5",2,0,0,0
BW,Black Wood of Rannoch,purple,G,C,BW9,BW9_18,7273,51,1,"51,1",3,2,0,2
BW,Black Wood of Rannoch,purple,G,C,BW4,BW4_23,7343,53,7,"53,7",3,15,27,42
BW,Black Wood of Rannoch,purple,G,C,BW10,BW10_30,7534,59,6,"59,6",3,17,0,17
BW,Black Wood of Rannoch,purple,G,C,BW6,BW6_20,7567,60,7,"60,7",3,55,26,81
BW,Black Wood of Rannoch,purple,G,C,BW7,BW7_4,7593,61,1,"61,1",3,0,7,7
BW,Black Wood of Rannoch,purple,G,C,BW3,BW3_18,7594,61,2,"61,2",3,0,6,6
BW,Black Wood of Rannoch,purple,G,C,BW8,BW8_11,7631,62,7,"62,7",3,13,0,13
BW,Black Wood of Rannoch,purple,G,C,BW2,BW2_30,7628,62,4,"62,4",3,42,0,42
BW,Black Wood of Rannoch,purple,G,C,BW2,BW2_18,7025,64,1,"64,1",4,0,0,0
BW,Black Wood of Rannoch,purple,G,C,BW9,BW9_4,7058,65,2,"65,2",4,0,0,0
BW,Black Wood of Rannoch,purple,G,C,BW4,BW4_12,7093,66,5,"66,5",4,5,2,7
BW,Black Wood of Rannoch,purple,G,C,BW6,BW6_27,7284,72,4,"72,4",4,0,0,0
BW,Black Wood of Rannoch,purple,G,C,BW3,BW3_4,7447,77,7,"77,7",4,0,0,0
BW,Black Wood of Rannoch,purple,G,C,BW7,BW7_18,7506,79,2,"79,2",4,4,0,4
BW,Black Wood of Rannoch,purple,G,C,BW8,BW8_23,7540,80,4,"80,4",4,4,0,4
BW,Black Wood of Rannoch,purple,G,C,BW10,BW10_11,7633,83,1,"83,1",4,0,0,0
CC,Coille Coire Chuilc,purple,G,C,CC7,CC7_23,7130,5,2,"5,2",1,34,18,52
CC,Coille Coire Chuilc,purple,G,C,CC4,CC4_11,7257,9,1,"9,1",1,0,0,0
CC,Coille Coire Chuilc,purple,G,C,CC5,CC5_27,7322,11,2,"11,2",1,5,3,8
CC,Coille Coire Chuilc,purple,G,C,CC9,CC9_30,7354,12,2,"12,2",1,0,0,0
CC,Coille Coire Chuilc,purple,G,C,CC10,CC10_12,7388,13,4,"13,4",1,11,0,11
CC,Coille Coire Chuilc,purple,G,C,CC6,CC6_20,7422,14,6,"14,6",1,1,6,7
CC,Coille Coire Chuilc,purple,G,C,CC3,CC3_12,7520,17,8,"17,8",1,2,0,2
CC,Coille Coire Chuilc,purple,G,C,CC1,CC1_18,7614,20,6,"20,6",1,2,0,2
CC,Coille Coire Chuilc,purple,G,C,CC7,CC7_1,7010,22,2,"22,2",2,0,5,5
CC,Coille Coire Chuilc,purple,G,C,CC5,CC5_1,7041,23,1,"23,1",2,0,0,0
CC,Coille Coire Chuilc,purple,G,C,CC4,CC4_4,7044,23,4,"23,4",2,0,0,0
CC,Coille Coire Chuilc,purple,G,C,CC3,CC3_27,7080,24,8,"24,8",2,3,0,3
CC,Coille Coire Chuilc,purple,G,C,CC9,CC9_4,7106,25,2,"25,2",2,4,0,4
CC,Coille Coire Chuilc,purple,G,C,CC10,CC10_1,7303,31,7,"31,7",2,0,18,18
CC,Coille Coire Chuilc,purple,G,C,CC1,CC1_20,7304,31,8,"31,8",2,1,0,1
CC,Coille Coire Chuilc,purple,G,C,CC6,CC6_30,7527,38,7,"38,7",2,3,0,3
CC,Coille Coire Chuilc,purple,G,C,CC1,CC1_27,7021,43,5,"43,5",3,9,0,9
CC,Coille Coire Chuilc,purple,G,C,CC10,CC10_19,7117,46,5,"46,5",3,3,8,11
CC,Coille Coire Chuilc,purple,G,C,CC4,CC4_23,7215,49,7,"49,7",3,2,11,13
CC,Coille Coire Chuilc,purple,G,C,CC6,CC6_12,7277,51,5,"51,5",3,9,0,9
CC,Coille Coire Chuilc,purple,G,C,CC5,CC5_19,7278,51,6,"51,6",3,15,0,15
CC,Coille Coire Chuilc,purple,G,C,CC9,CC9_11,7279,51,7,"51,7",3,5,5,10
CC,Coille Coire Chuilc,purple,G,C,CC3,CC3_20,7404,55,4,"55,4",3,12,29,41
CC,Coille Coire Chuilc,purple,G,C,CC7,CC7_12,7598,61,6,"61,6",3,28,0,28
CC,Coille Coire Chuilc,purple,G,C,CC10,CC10_23,7030,64,6,"64,6",4,5,4,9
CC,Coille Coire Chuilc,purple,G,C,CC7,CC7_19,7063,65,7,"65,7",4,5,1,6
CC,Coille Coire Chuilc,purple,G,C,CC9,CC9_12,7281,72,1,"72,1",4,1,4,5
CC,Coille Coire Chuilc,purple,G,C,CC1,CC1_30,7448,77,8,"77,8",4,5,1,6
CC,Coille Coire Chuilc,purple,G,C,CC5,CC5_23,7476,78,4,"78,4",4,4,0,4
CC,Coille Coire Chuilc,purple,G,C,CC4,CC4_20,7543,80,7,"80,7",4,0,1,1
CC,Coille Coire Chuilc,purple,G,C,CC3,CC3_4,7606,82,6,"82,6",4,3,1,4
CC,Coille Coire Chuilc,purple,G,C,CC6,CC6_23,7634,83,2,"83,2",4,2,0,2
CG,Cona Glen,cyan,F,C,CG8,CG8_20,7037,2,5,"2,5",1,1,0,1
CG,Cona Glen,cyan,F,C,CG2,CG2_18,7072,3,8,"3,8",1,0,0,0
CG,Cona Glen,cyan,F,C,CG4,CG4_12,7097,4,1,"4,1",1,16,2,18
CG,Cona Glen,cyan,F,C,CG1,CG1_20,7193,7,1,"7,1",1,1,0,1
CG,Cona Glen,cyan,F,C,CG7,CG7_19,7197,7,5,"7,5",1,1,0,1
CG,Cona Glen,cyan,F,C,CG3,CG3_20,7515,17,3,"17,3",1,47,0,47
CG,Cona Glen,cyan,F,C,CG6,CG6_30,7551,18,7,"18,7",1,14,1,15
CG,Cona Glen,cyan,F,C,CG5,CG5_30,7616,20,8,"20,8",1,0,0,0
CG,Cona Glen,cyan,F,C,CG6,CG6_11,7014,22,6,"22,6",2,1,0,1
CG,Cona Glen,cyan,F,C,CG5,CG5_4,7139,26,3,"26,3",2,0,0,0
CG,Cona Glen,cyan,F,C,CG2,CG2_27,7208,28,8,"28,8",2,4,1,5
CG,Cona Glen,cyan,F,C,CG4,CG4_11,7425,35,1,"35,1",2,0,0,0
CG,Cona Glen,cyan,F,C,CG1,CG1_18,7430,35,6,"35,6",2,0,0,0
CG,Cona Glen,cyan,F,C,CG8,CG8_4,7522,38,2,"38,2",2,1,0,1
CG,Cona Glen,cyan,F,C,CG7,CG7_12,7655,42,7,"42,7",2,3,0,3
CG,Cona Glen,cyan,F,C,CG3,CG3_4,7651,42,3,"42,3",2,2,2,4
CG,Cona Glen,cyan,F,C,CG8,CG8_18,7084,45,4,"45,4",3,18,4,22
CG,Cona Glen,cyan,F,C,CG2,CG2_11,7148,47,4,"47,4",3,0,0,0
CG,Cona Glen,cyan,F,C,CG1,CG1_19,7244,50,4,"50,4",3,3,0,3
CG,Cona Glen,cyan,F,C,CG6,CG6_20,7344,53,8,"53,8",3,0,0,0
CG,Cona Glen,cyan,F,C,CG3,CG3_1,7376,54,8,"54,8",3,45,43,88
CG,Cona Glen,cyan,F,C,CG4,CG4_23,7406,55,6,"55,6",3,0,0,0
CG,Cona Glen,cyan,F,C,CG7,CG7_18,7434,56,2,"56,2",3,7,1,8
CG,Cona Glen,cyan,F,C,CG5,CG5_27,7630,62,6,"62,6",3,25,0,25
CG,Cona Glen,cyan,F,C,CG2,CG2_4,7160,68,8,"68,8",4,9,0,9
CG,Cona Glen,cyan,F,C,CG5,CG5_1,7221,70,5,"70,5",4,14,0,14
CG,Cona Glen,cyan,F,C,CG4,CG4_30,7218,70,2,"70,2",4,62,1,63
CG,Cona Glen,cyan,F,C,CG1,CG1_30,7217,70,1,"70,1",4,7,0,7
CG,Cona Glen,cyan,F,C,CG3,CG3_27,7382,75,6,"75,6",4,0,0,0
CG,Cona Glen,cyan,F,C,CG8,CG8_19,7544,80,8,"80,8",4,0,0,0
CG,Cona Glen,cyan,F,C,CG7,CG7_23,7574,81,6,"81,6",4,3,0,3
CG,Cona Glen,cyan,F,C,CG6,CG6_23,7670,84,6,"84,6",4,0,0,0
CR,Crannach,cyan ,F,C,CR8,CR8_23,7008,1,8,"1,8",1,6,0,6
CR,Crannach,cyan ,F,C,CR4,CR4_30,7135,5,7,"5,7",1,0,1,1
CR,Crannach,cyan ,F,C,CR2,CR2_1,7385,13,1,"13,1",1,2,1,3
CR,Crannach,cyan ,F,C,CR9,CR9_18,7389,13,5,"13,5",1,0,2,2
CR,Crannach,cyan ,F,C,CR6,CR6_30,7519,17,7,"17,7",1,0,0,0
CR,Crannach,cyan ,F,C,CR10,CR10_12,7549,18,5,"18,5",1,11,0,11
CR,Crannach,cyan ,F,C,CR3,CR3_12,7642,21,2,"21,2",1,3,0,3
CR,Crannach,cyan ,F,C,CR7,CR7_23,7648,21,8,"21,8",1,7,0,7
CR,Crannach,cyan ,F,C,CR8,CR8_18,7047,23,7,"23,7",2,2,0,2
CR,Crannach,cyan ,F,C,CR4,CR4_27,7143,26,7,"26,7",2,1,0,1
CR,Crannach,cyan ,F,C,CR9,CR9_4,7298,31,2,"31,2",2,0,0,0
CR,Crannach,cyan ,F,C,CR6,CR6_20,7335,32,7,"32,7",2,1,0,1
CR,Crannach,cyan ,F,C,CR10,CR10_1,7431,35,7,"35,7",2,1,1,2
CR,Crannach,cyan ,F,C,CR2,CR2_27,7492,37,4,"37,4",2,0,0,0
CR,Crannach,cyan ,F,C,CR3,CR3_20,7619,41,3,"41,3",2,1,0,1
CR,Crannach,cyan ,F,C,CR7,CR7_4,7652,42,4,"42,4",2,12,1,13
CR,Crannach,cyan ,F,C,CR6,CR6_1,7114,46,2,"46,2",3,7,0,7
CR,Crannach,cyan ,F,C,CR7,CR7_18,7183,48,7,"48,7",3,5,0,5
CR,Crannach,cyan ,F,C,CR2,CR2_12,7180,48,4,"48,4",3,27,5,32
CR,Crannach,cyan ,F,C,CR4,CR4_4,7211,49,3,"49,3",3,0,14,14
CR,Crannach,cyan ,F,C,CR3,CR3_1,7338,53,2,"53,2",3,42,2,44
CR,Crannach,cyan ,F,C,CR9,CR9_27,7469,57,5,"57,5",3,12,0,12
CR,Crannach,cyan ,F,C,CR8,CR8_1,7472,57,8,"57,8",3,5,1,6
CR,Crannach,cyan ,F,C,CR10,CR10_30,7497,58,1,"58,1",3,1,1,2
CR,Crannach,cyan ,F,C,CR2,CR2_19,7095,66,7,"66,7",4,4,0,4
CR,Crannach,cyan ,F,C,CR7,CR7_20,7154,68,2,"68,2",4,5,0,5
CR,Crannach,cyan ,F,C,CR9,CR9_12,7320,73,8,"73,8",4,0,0,0
CR,Crannach,cyan ,F,C,CR10,CR10_27,7348,74,4,"74,4",4,1,0,1
CR,Crannach,cyan ,F,C,CR8,CR8_11,7441,77,1,"77,1",4,2,0,2
CR,Crannach,cyan ,F,C,CR3,CR3_27,7445,77,5,"77,5",4,3,1,4
CR,Crannach,cyan ,F,C,CR4,CR4_19,7671,84,7,"84,7",4,0,0,0
CR,Crannach,cyan ,F,C,CR6,CR6_23,7669,84,5,"84,5",4,16,0,16
GA,Glen Affrich,black,C,A,GA1,GA1_23,7168,6,8,"6,8",1,27,0,27
GA,Glen Affrich,black,C,A,GA9,GA9_11,7199,7,7,"7,7",1,19,4,23
GA,Glen Affrich,black,C,A,GA8,GA8_20,7229,8,5,"8,5",1,1,0,1
GA,Glen Affrich,black,C,A,GA3,GA3_20,7353,12,1,"12,1",1,5,3,8
GA,Glen Affrich,black,C,A,GA7,GA7_20,7449,15,1,"15,1",1,1,5,6
GA,Glen Affrich,black,C,A,GA6,GA6_23,7452,15,4,"15,4",1,9,0,9
GA,Glen Affrich,black,C,A,GA10,GA10_12,7485,16,5,"16,5",1,7,0,7
GA,Glen Affrich,black,C,A,GA5,GA5_19,7550,18,6,"18,6",1,1,0,1
GA,Glen Affrich,black,C,A,GA1,GA1_30,7075,24,3,"24,3",2,0,0,0
GA,Glen Affrich,black,C,A,GA7,GA7_1,7234,29,2,"29,2",2,0,0,0
GA,Glen Affrich,black,C,A,GA10,GA10_30,7270,30,6,"30,6",2,2,0,2
GA,Glen Affrich,black,C,A,GA6,GA6_1,7266,30,2,"30,2",2,0,0,0
GA,Glen Affrich,black,C,A,GA5,GA5_30,7395,34,3,"34,3",2,2,0,2
GA,Glen Affrich,black,C,A,GA3,GA3_18,7491,37,3,"37,3",2,4,0,4
GA,Glen Affrich,black,C,A,GA8,GA8_19,7557,39,5,"39,5",2,3,1,4
GA,Glen Affrich,black,C,A,GA9,GA9_27,7649,42,1,"42,1",2,5,2,7
GA,Glen Affrich,black,C,A,GA3,GA3_27,7082,45,2,"45,2",3,5,12,17
GA,Glen Affrich,black,C,A,GA10,GA10_27,7088,45,8,"45,8",3,28,0,28
GA,Glen Affrich,black,C,A,GA9,GA9_12,7209,49,1,"49,1",3,1,0,1
GA,Glen Affrich,black,C,A,GA6,GA6_27,7342,53,6,"53,6",3,4,10,14
GA,Glen Affrich,black,C,A,GA7,GA7_23,7531,59,3,"59,3",3,4,2,6
GA,Glen Affrich,black,C,A,GA8,GA8_1,7565,60,5,"60,5",3,29,14,43
GA,Glen Affrich,black,C,A,GA5,GA5_23,7564,60,4,"60,4",3,28,1,29
GA,Glen Affrich,black,C,A,GA1,GA1_11,7562,60,2,"60,2",3,2,2,4
GA,Glen Affrich,black,C,A,GA6,GA6_12,7096,66,8,"66,8",4,3,1,4
GA,Glen Affrich,black,C,A,GA10,GA10_1,7094,66,6,"66,6",4,2,3,5
GA,Glen Affrich,black,C,A,GA8,GA8_23,7090,66,2,"66,2",4,2,0,2
GA,Glen Affrich,black,C,A,GA9,GA9_1,7250,71,2,"71,2",4,12,0,12
GA,Glen Affrich,black,C,A,GA5,GA5_4,7283,72,3,"72,3",4,0,0,0
GA,Glen Affrich,black,C,A,GA3,GA3_23,7315,73,3,"73,3",4,8,0,8
GA,Glen Affrich,black,C,A,GA1,GA1_12,7444,77,4,"77,4",4,0,0,0
GA,Glen Affrich,black,C,A,GA7,GA7_12,7539,80,3,"80,3",4,5,0,5
GC,Glen Cannich,black,C,A,GC5,GC5_30,7001,1,1,"1,1",1,0,0,0
GC,Glen Cannich,black,C,A,GC9,GC9_4,7100,4,4,"4,4",1,0,3,3
GC,Glen Cannich,black,C,A,GC2,GC2_4,7136,5,8,"5,8",1,4,0,4
GC,Glen Cannich,black,C,A,GC1,GC1_18,7294,10,6,"10,6",1,24,0,24
GC,Glen Cannich,black,C,A,GC3,GC3_27,7292,10,4,"10,4",1,2,15,17
GC,Glen Cannich,black,C,A,GC6,GC6_30,7545,18,1,"18,1",1,3,0,3
GC,Glen Cannich,black,C,A,GC8,GC8_19,7582,19,6,"19,6",1,36,2,38
GC,Glen Cannich,black,C,A,GC10,GC10_11,7615,20,7,"20,7",1,0,0,0
GC,Glen Cannich,black,C,A,GC2,GC2_18,7078,24,6,"24,6",2,0,0,0
GC,Glen Cannich,black,C,A,GC10,GC10_4,7138,26,2,"26,2",2,3,0,3
GC,Glen Cannich,black,C,A,GC8,GC8_18,7367,33,7,"33,7",2,3,0,3
GC,Glen Cannich,black,C,A,GC1,GC1_11,7368,33,8,"33,8",2,7,8,15
GC,Glen Cannich,black,C,A,GC6,GC6_12,7400,34,8,"34,8",2,4,4,8
GC,Glen Cannich,black,C,A,GC5,GC5_20,7457,36,1,"36,1",2,6,0,6
GC,Glen Cannich,black,C,A,GC3,GC3_18,7525,38,5,"38,5",2,0,0,0
GC,Glen Cannich,black,C,A,GC9,GC9_27,7589,40,5,"40,5",2,2,0,2
GC,Glen Cannich,black,C,A,GC1,GC1_27,7085,45,5,"45,5",3,13,0,13
GC,Glen Cannich,black,C,A,GC5,GC5_23,7178,48,2,"48,2",3,2,4,6
GC,Glen Cannich,black,C,A,GC9,GC9_12,7275,51,3,"51,3",3,14,0,14
GC,Glen Cannich,black,C,A,GC2,GC2_1,7276,51,4,"51,4",3,1,2,3
GC,Glen Cannich,black,C,A,GC8,GC8_4,7501,58,5,"58,5",3,2,4,6
GC,Glen Cannich,black,C,A,GC3,GC3_4,7498,58,2,"58,2",3,1,1,2
GC,Glen Cannich,black,C,A,GC6,GC6_20,7532,59,4,"59,4",3,6,5,11
GC,Glen Cannich,black,C,A,GC10,GC10_Blank,7627,62,3,"62,3",3,0,0,0
GC,Glen Cannich,black,C,A,GC5,GC5_27,7089,66,1,"66,1",4,11,0,11
GC,Glen Cannich,black,C,A,GC10,GC10_30,7121,67,1,"67,1",4,5,1,6
GC,Glen Cannich,black,C,A,GC1,GC1_19,7128,67,8,"67,8",4,1,0,1
GC,Glen Cannich,black,C,A,GC8,GC8_11,7377,75,1,"75,1",4,1,0,1
GC,Glen Cannich,black,C,A,GC3,GC3_12,7380,75,4,"75,4",4,0,0,0
GC,Glen Cannich,black,C,A,GC6,GC6_27,7443,77,3,"77,3",4,3,0,3
GC,Glen Cannich,black,C,A,GC2,GC2_30,7507,79,3,"79,3",4,1,0,1
GC,Glen Cannich,black,C,A,GC9,GC9_30,7537,80,1,"80,1",4,0,0,0
GD,Glen Derry,blue,D,B,GD6,GD6_12,7067,3,3,"3,3",1,1,0,1
GD,Glen Derry,blue,D,B,GD7,GD7_12,7134,5,6,"5,6",1,0,2,2
GD,Glen Derry,blue,D,B,GD1,GD1_19,7195,7,3,"7,3",1,6,2,8
GD,Glen Derry,blue,D,B,GD10,GD10_30,7262,9,6,"9,6",1,39,0,39
GD,Glen Derry,blue,D,B,GD9,GD9_30,7356,12,4,"12,4",1,2,1,3
GD,Glen Derry,blue,D,B,GD2,GD2_4,7386,13,2,"13,2",1,1,3,4
GD,Glen Derry,blue,D,B,GD4,GD4_11,7488,16,8,"16,8",1,4,0,4
GD,Glen Derry,blue,D,B,GD5,GD5_27,7518,17,6,"17,6",1,1,0,1
GD,Glen Derry,blue,D,B,GD7,GD7_Blank,7111,25,7,"25,7",2,0,0,0
GD,Glen Derry,blue,D,B,GD5,GD5_4,7140,26,4,"26,4",2,0,0,0
GD,Glen Derry,blue,D,B,GD4,GD4_23,7269,30,5,"30,5",2,0,0,0
GD,Glen Derry,blue,D,B,GD10,GD10_12,7299,31,3,"31,3",2,0,0,0
GD,Glen Derry,blue,D,B,GD6,GD6_20,7393,34,1,"34,1",2,7,0,7
GD,Glen Derry,blue,D,B,GD1,GD1_11,7459,36,3,"36,3",2,1,1,2
GD,Glen Derry,blue,D,B,GD2,GD2_1,7553,39,1,"39,1",2,2,0,2
GD,Glen Derry,blue,D,B,GD9,GD9_1,7558,39,6,"39,6",2,1,0,1
GD,Glen Derry,blue,D,B,GD1,GD1_27,7081,45,1,"45,1",3,3,1,4
GD,Glen Derry,blue,D,B,GD4,GD4_27,7083,45,3,"45,3",3,0,0,0
GD,Glen Derry,blue,D,B,GD6,GD6_27,7118,46,6,"46,6",3,6,0,6
GD,Glen Derry,blue,D,B,GD9,GD9_12,7149,47,5,"47,5",3,1,0,1
GD,Glen Derry,blue,D,B,GD10,GD10_4,7177,48,1,"48,1",3,0,0,0
GD,Glen Derry,blue,D,B,GD7,GD7_1,7212,49,4,"49,4",3,1,0,1
GD,Glen Derry,blue,D,B,GD2,GD2_19,7247,50,7,"50,7",3,3,1,4
GD,Glen Derry,blue,D,B,GD5,GD5_18,7408,55,8,"55,8",3,15,0,15
GD,Glen Derry,blue,D,B,GD4,GD4_12,7029,64,5,"64,5",4,12,18,30
GD,Glen Derry,blue,D,B,GD7,GD7_23,7028,64,4,"64,4",4,0,3,3
GD,Glen Derry,blue,D,B,GD1,GD1_20,7188,69,4,"69,4",4,25,0,25
GD,Glen Derry,blue,D,B,GD10,GD10_27,7189,69,5,"69,5",4,1,1,2
GD,Glen Derry,blue,D,B,GD5,GD5_1,7511,79,7,"79,7",4,0,0,0
GD,Glen Derry,blue,D,B,GD6,GD6_23,7570,81,2,"81,2",4,4,0,4
GD,Glen Derry,blue,D,B,GD9,GD9_27,7636,83,4,"83,4",4,2,0,2
GD,Glen Derry,blue,D,B,GD2,GD2_27,7666,84,2,"84,2",4,1,1,2
GE,Glen Einig,orange,B,A,GE9,GE9_4,7002,1,2,"1,2",1,4,6,10
GE,Glen Einig,orange,A,A,GE6,GE6_18,7040,2,8,"2,8",1,0,0,0
GE,Glen Einig,orange,A,A,GE4,GE4_12,7070,3,6,"3,6",1,2,0,2
GE,Glen Einig,orange,A,A,GE3,GE3_27,7290,10,2,"10,2",1,7,2,9
GE,Glen Einig,orange,A,A,GE7,GE7_1,7423,14,7,"14,7",1,4,5,9
GE,Glen Einig,orange,A,A,GE2,GE2_18,7483,16,3,"16,3",1,0,0,0
GE,Glen Einig,orange,A,A,GE8,GE8_1,7645,21,5,"21,5",1,1,0,1
GE,Glen Einig,orange,A,A,GE1,GE1_11,7647,21,7,"21,7",1,3,0,3
GE,Glen Einig,orange,A,A,GE1,GE1_23,7112,25,8,"25,8",2,0,0,0
GE,Glen Einig,orange,A,A,GE3,GE3_1,7207,28,7,"28,7",2,0,0,0
GE,Glen Einig,orange,A,A,GE6,GE6_27,7205,28,5,"28,5",2,3,0,3
GE,Glen Einig,orange,A,A,GE9,GE9_12,7272,30,8,"30,8",2,0,0,0
GE,Glen Einig,orange,A,A,GE8,GE8_19,7333,32,5,"32,5",2,7,0,7
GE,Glen Einig,orange,A,A,GE7,GE7_20,7427,35,3,"35,3",2,0,0,0
GE,Glen Einig,orange,A,A,GE2,GE2_1,7555,39,3,"39,3",2,0,0,0
GE,Glen Einig,orange,A,A,GE4,GE4_11,7650,42,2,"42,2",2,0,0,0
GE,Glen Einig,orange,A,A,GE9,GE9_11,7053,44,5,"44,5",3,0,0,0
GE,Glen Einig,orange,A,A,GE1,GE1_30,7087,45,7,"45,7",3,3,1,4
GE,Glen Einig,orange,A,A,GE6,GE6_20,7213,49,5,"49,5",3,40,0,40
GE,Glen Einig,orange,A,A,GE8,GE8_4,7242,50,2,"50,2",3,3,0,3
GE,Glen Einig,orange,A,A,GE3,GE3_12,7312,52,8,"52,8",3,29,0,29
GE,Glen Einig,orange,A,A,GE4,GE4_4,7435,56,3,"56,3",3,39,0,39
GE,Glen Einig,orange,A,A,GE2,GE2_11,7530,59,2,"59,2",3,4,15,19
GE,Glen Einig,orange,A,A,GE7,GE7_4,7658,63,2,"63,2",3,0,14,14
GE,Glen Einig,orange,A,A,GE8,GE8_11,7064,65,8,"65,8",4,42,1,43
GE,Glen Einig,orange,A,A,GE6,GE6_11,7186,69,2,"69,2",4,6,5,11
GE,Glen Einig,orange,A,A,GE2,GE2_19,7383,75,7,"75,7",4,0,0,0
GE,Glen Einig,orange,A,A,GE3,GE3_4,7415,76,7,"76,7",4,0,0,0
GE,Glen Einig,orange,A,A,GE9,GE9_1,7480,78,8,"78,8",4,6,0,6
GE,Glen Einig,orange,A,A,GE7,GE7_18,7575,81,7,"81,7",4,0,3,3
GE,Glen Einig,orange,A,A,GE1,GE1_19,7638,83,6,"83,6",4,1,0,1
GE,Glen Einig,orange,A,A,GE4,GE4_20,7672,84,8,"84,8",4,0,0,0
GL,Glen Loy,cyan,F,C,GL10,GL10_27,7102,4,6,"4,6",1,2,0,2
GL,Glen Loy,cyan,F,C,GL6,GL6_27,7194,7,2,"7,2",1,1,0,1
GL,Glen Loy,cyan,F,C,GL2,GL2_12,7198,7,6,"7,6",1,4,0,4
GL,Glen Loy,cyan,F,C,GL4,GL4_30,7260,9,4,"9,4",1,0,0,0
GL,Glen Loy,cyan,F,C,GL7,GL7_12,7325,11,5,"11,5",1,2,0,2
GL,Glen Loy,cyan,F,C,GL8,GL8_1,7613,20,5,"20,5",1,23,0,23
GL,Glen Loy,cyan,F,C,GL1,GL1_11,7641,21,1,"21,1",1,0,0,0
GL,Glen Loy,cyan,F,C,GL3,GL3_18,7643,21,3,"21,3",1,1,4,5
GL,Glen Loy,cyan,F,C,GL3,GL3_1,7079,24,7,"24,7",2,0,0,0
GL,Glen Loy,cyan,F,C,GL7,GL7_1,7073,24,1,"24,1",2,9,0,9
GL,Glen Loy,cyan,F,C,GL10,GL10_11,7176,27,8,"27,8",2,14,0,14
GL,Glen Loy,cyan,F,C,GL2,GL2_4,7206,28,6,"28,6",2,23,0,23
GL,Glen Loy,cyan,F,C,GL1,GL1_19,7302,31,6,"31,6",2,3,0,3
GL,Glen Loy,cyan,F,C,GL8,GL8_4,7361,33,1,"33,1",2,1,1,2
GL,Glen Loy,cyan,F,C,GL4,GL4_27,7493,37,5,"37,5",2,0,6,6
GL,Glen Loy,cyan,F,C,GL6,GL6_23,7495,37,7,"37,7",2,2,0,2
GL,Glen Loy,cyan,F,C,GL4,GL4_12,7022,43,6,"43,6",3,24,0,24
GL,Glen Loy,cyan,F,C,GL10,GL10_19,7052,44,4,"44,4",3,0,3,3
GL,Glen Loy,cyan,F,C,GL7,GL7_19,7116,46,4,"46,4",3,0,27,27
GL,Glen Loy,cyan,F,C,GL8,GL8_19,7375,54,7,"54,7",3,64,0,64
GL,Glen Loy,cyan,F,C,GL6,GL6_20,7373,54,5,"54,5",3,0,4,4
GL,Glen Loy,cyan,F,C,GL1,GL1_18,7405,55,5,"55,5",3,0,7,7
GL,Glen Loy,cyan,F,C,GL3,GL3_12,7502,58,6,"58,6",3,22,0,22
GL,Glen Loy,cyan,F,C,GL2,GL2_1,7625,62,1,"62,1",3,2,1,3
GL,Glen Loy,cyan,F,C,GL1,GL1_20,7060,65,4,"65,4",4,3,2,5
GL,Glen Loy,cyan,F,C,GL6,GL6_18,7061,65,5,"65,5",4,0,8,8
GL,Glen Loy,cyan,F,C,GL3,GL3_19,7091,66,3,"66,3",4,1,1,2
GL,Glen Loy,cyan,F,C,GL8,GL8_30,7123,67,3,"67,3",4,2,1,3
GL,Glen Loy,cyan,F,C,GL7,GL7_18,7252,71,4,"71,4",4,11,0,11
GL,Glen Loy,cyan,F,C,GL10,GL10_12,7473,78,1,"78,1",4,2,0,2
GL,Glen Loy,cyan,F,C,GL4,GL4_23,7571,81,3,"81,3",4,0,1,1
GL,Glen Loy,cyan,F,C,GL2,GL2_27,7668,84,4,"84,4",4,0,0,0
GT,Glen Tanar,brown,E,B,GT9,GT9_4,7066,3,2,"3,2",1,0,3,3
GT,Glen Tanar,brown,E,B,GT4,GT4_4,7129,5,1,"5,1",1,3,9,12
GT,Glen Tanar,brown,E,B,GT2,GT2_19,7200,7,8,"7,8",1,18,0,18
GT,Glen Tanar,brown,E,B,GT7,GT7_11,7289,10,1,"10,1",1,7,0,7
GT,Glen Tanar,brown,E,B,GT8,GT8_1,7420,14,4,"14,4",1,20,0,20
GT,Glen Tanar,brown,E,B,GT5,GT5_20,7456,15,8,"15,8",1,5,4,9
GT,Glen Tanar,brown,E,B,GT6,GT6_27,7486,16,6,"16,6",1,9,0,9
GT,Glen Tanar,brown,E,B,GT1,GT1_11,7482,16,2,"16,2",1,2,9,11
GT,Glen Tanar,brown,E,B,GT8,GT8_20,7009,22,1,"22,1",2,1,0,1
GT,Glen Tanar,brown,E,B,GT5,GT5_18,7107,25,3,"25,3",2,0,0,0
GT,Glen Tanar,brown,E,B,GT1,GT1_30,7236,29,4,"29,4",2,0,2,2
GT,Glen Tanar,brown,E,B,GT2,GT2_27,7297,31,1,"31,1",2,1,0,1
GT,Glen Tanar,brown,E,B,GT7,GT7_23,7489,37,1,"37,1",2,0,0,0
GT,Glen Tanar,brown,E,B,GT4,GT4_19,7496,37,8,"37,8",2,21,2,23
GT,Glen Tanar,brown,E,B,GT9,GT9_18,7526,38,6,"38,6",2,4,2,6
GT,Glen Tanar,brown,E,B,GT6,GT6_23,7618,41,2,"41,2",2,0,1,1
GT,Glen Tanar,brown,E,B,GT9,GT9_11,7150,47,6,"47,6",3,12,0,12
GT,Glen Tanar,brown,E,B,GT4,GT4_23,7182,48,6,"48,6",3,1,0,1
GT,Glen Tanar,brown,E,B,GT2,GT2_18,7210,49,2,"49,2",3,18,0,18
GT,Glen Tanar,brown,E,B,GT7,GT7_12,7311,52,7,"52,7",3,8,1,9
GT,Glen Tanar,brown,E,B,GT5,GT5_19,7309,52,5,"52,5",3,0,4,4
GT,Glen Tanar,brown,E,B,GT8,GT8_19,7341,53,5,"53,5",3,37,13,50
GT,Glen Tanar,brown,E,B,GT1,GT1_12,7407,55,7,"55,7",3,14,0,14
GT,Glen Tanar,brown,E,B,GT6,GT6_30,7595,61,3,"61,3",3,6,1,7
GT,Glen Tanar,brown,E,B,GT7,GT7_Blank,7220,70,4,"70,4",4,0,0,0
GT,Glen Tanar,brown,E,B,GT5,GT5_1,7253,71,5,"71,5",4,112,1,113
GT,Glen Tanar,brown,E,B,GT8,GT8_11,7254,71,6,"71,6",4,33,1,34
GT,Glen Tanar,brown,E,B,GT9,GT9_30,7288,72,8,"72,8",4,0,0,0
GT,Glen Tanar,brown,E,B,GT6,GT6_18,7349,74,5,"74,5",4,0,0,0
GT,Glen Tanar,brown,E,B,GT1,GT1_23,7384,75,8,"75,8",4,1,0,1
GT,Glen Tanar,brown,E,B,GT4,GT4_11,7442,77,2,"77,2",4,0,0,0
GT,Glen Tanar,brown,E,B,GT2,GT2_30,7573,81,5,"81,5",4,0,1,1
LC,Loch Clair,yellow,B,A,LC7,LC7_19,7131,5,3,"5,3",1,6,0,6
LC,Loch Clair,yellow,B,A,LC6,LC6_27,7390,13,6,"13,6",1,0,1,1
LC,Loch Clair,yellow,B,A,LC10,LC10_27,7454,15,6,"15,6",1,0,0,0
LC,Loch Clair,yellow,B,A,LC3,LC3_12,7513,17,1,"17,1",1,0,0,0
LC,Loch Clair,yellow,B,A,LC5,LC5_20,7552,18,8,"18,8",1,11,1,12
LC,Loch Clair,yellow,B,A,LC2,LC2_12,7547,18,3,"18,3",1,10,2,12
LC,Loch Clair,yellow,B,A,LC4,LC4_20,7580,19,4,"19,4",1,18,1,19
LC,Loch Clair,yellow,B,A,LC1,LC1_19,7610,20,2,"20,2",1,1,0,1
LC,Loch Clair,yellow,B,A,LC5,LC5_1,7015,22,7,"22,7",2,6,0,6
LC,Loch Clair,yellow,B,A,LC6,LC6_12,7076,24,4,"24,4",2,1,0,1
LC,Loch Clair,yellow,B,A,LC10,LC10_23,7169,27,1,"27,1",2,0,2,2
LC,Loch Clair,yellow,B,A,LC7,LC7_18,7172,27,4,"27,4",2,0,0,0
LC,Loch Clair,yellow,B,A,LC1,LC1_30,7300,31,4,"31,4",2,1,10,11
LC,Loch Clair,yellow,B,A,LC4,LC4_30,7330,32,2,"32,2",2,0,1,1
LC,Loch Clair,yellow,B,A,LC2,LC2_1,7588,40,4,"40,4",2,15,2,17
LC,Loch Clair,yellow,B,A,LC3,LC3_18,7653,42,5,"42,5",2,0,0,0
LC,Loch Clair,yellow,B,A,LC4,LC4_12,7018,43,2,"43,2",3,1,0,1
LC,Loch Clair,yellow,B,A,LC5,LC5_27,7056,44,8,"44,8",3,2,0,2
LC,Loch Clair,yellow,B,A,LC3,LC3_27,7151,47,7,"47,7",3,4,2,6
LC,Loch Clair,yellow,B,A,LC2,LC2_19,7274,51,2,"51,2",3,18,0,18
LC,Loch Clair,yellow,B,A,LC1,LC1_12,7308,52,4,"52,4",3,2,28,30
LC,Loch Clair,yellow,B,A,LC10,LC10_12,7468,57,4,"57,4",3,2,9,11
LC,Loch Clair,yellow,B,A,LC7,LC7_12,7566,60,6,"60,6",3,72,20,92
LC,Loch Clair,yellow,B,A,LC6,LC6_20,7563,60,3,"60,3",3,10,4,14
LC,Loch Clair,yellow,B,A,LC7,LC7_1,7027,64,3,"64,3",4,5,4,9
LC,Loch Clair,yellow,B,A,LC1,LC1_20,7062,65,6,"65,6",4,0,1,1
LC,Loch Clair,yellow,B,A,LC10,LC10_4,7286,72,6,"72,6",4,0,0,0
LC,Loch Clair,yellow,B,A,LC4,LC4_4,7416,76,8,"76,8",4,5,0,5
LC,Loch Clair,yellow,B,A,LC5,LC5_23,7479,78,7,"78,7",4,4,0,4
LC,Loch Clair,yellow,B,A,LC3,LC3_23,7475,78,3,"78,3",4,0,0,0
LC,Loch Clair,yellow,B,A,LC6,LC6_23,7608,82,8,"82,8",4,1,0,1
LC,Loch Clair,yellow,B,A,LC2,LC2_27,7635,83,3,"83,3",4,4,0,4
MG,Meggernie,purple,G,C,MG10,MG10_27,7006,1,6,"1,6",1,0,0,0
MG,Meggernie,purple,G,C,MG2,MG2_19,7231,8,7,"8,7",1,21,0,21
MG,Meggernie,purple,G,C,MG3,MG3_1,7263,9,7,"9,7",1,47,0,47
MG,Meggernie,purple,G,C,MG9,MG9_18,7296,10,8,"10,8",1,1,0,1
MG,Meggernie,purple,G,C,MG6,MG6_27,7321,11,1,"11,1",1,0,0,0
MG,Meggernie,purple,G,C,MG7,MG7_20,7418,14,2,"14,2",1,3,0,3
MG,Meggernie,purple,G,C,MG8,MG8_19,7487,16,7,"16,7",1,0,0,0
MG,Meggernie,purple,G,C,MG5,MG5_19,7646,21,6,"21,6",1,9,0,9
MG,Meggernie,purple,G,C,MG10,MG10_30,7012,22,4,"22,4",2,0,0,0
MG,Meggernie,purple,G,C,MG5,MG5_30,7301,31,5,"31,5",2,2,0,2
MG,Meggernie,purple,G,C,MG3,MG3_27,7426,35,2,"35,2",2,0,0,0
MG,Meggernie,purple,G,C,MG7,MG7_18,7463,36,7,"36,7",2,3,1,4
MG,Meggernie,purple,G,C,MG8,MG8_11,7462,36,6,"36,6",2,5,0,5
MG,Meggernie,purple,G,C,MG2,MG2_1,7559,39,7,"39,7",2,6,0,6
MG,Meggernie,purple,G,C,MG9,MG9_1,7622,41,6,"41,6",2,14,0,14
MG,Meggernie,purple,G,C,MG6,MG6_30,7624,41,8,"41,8",2,2,4,6
MG,Meggernie,purple,G,C,MG9,MG9_11,7054,44,6,"44,6",3,21,4,25
MG,Meggernie,purple,G,C,MG5,MG5_18,7243,50,3,"50,3",3,4,0,4
MG,Meggernie,purple,G,C,MG8,MG8_1,7499,58,3,"58,3",3,11,93,104
MG,Meggernie,purple,G,C,MG6,MG6_20,7535,59,7,"59,7",3,37,0,37
MG,Meggernie,purple,G,C,MG3,MG3_20,7597,61,5,"61,5",3,16,0,16
MG,Meggernie,purple,G,C,MG7,MG7_23,7661,63,5,"63,5",3,12,6,18
MG,Meggernie,purple,G,C,MG10,MG10_12,7662,63,6,"63,6",3,29,0,29
MG,Meggernie,purple,G,C,MG2,MG2_30,7664,63,8,"63,8",3,49,15,64
MG,Meggernie,purple,G,C,MG5,MG5_4,7057,65,1,"65,1",4,0,0,0
MG,Meggernie,purple,G,C,MG6,MG6_12,7122,67,2,"67,2",4,3,1,4
MG,Meggernie,purple,G,C,MG8,MG8_18,7158,68,6,"68,6",4,0,0,0
MG,Meggernie,purple,G,C,MG9,MG9_30,7157,68,5,"68,5",4,0,1,1
MG,Meggernie,purple,G,C,MG10,MG10_11,7191,69,7,"69,7",4,0,1,1
MG,Meggernie,purple,G,C,MG2,MG2_12,7282,72,2,"72,2",4,0,0,0
MG,Meggernie,purple,G,C,MG7,MG7_11,7345,74,1,"74,1",4,3,0,3
MG,Meggernie,purple,G,C,MG3,MG3_12,7601,82,1,"82,1",4,0,0,0
RD,Rhidorroch,orange,A,A,RD3,RD3_23,7133,5,5,"5,5",1,3,0,3
RD,Rhidorroch,orange,A,A,RD10,RD10_30,7167,6,7,"6,7",1,8,0,8
RD,Rhidorroch,orange,A,A,RD5,RD5_18,7165,6,5,"6,5",1,0,0,0
RD,Rhidorroch,orange,A,A,RD7,RD7_18,7226,8,2,"8,2",1,4,11,15
RD,Rhidorroch,orange,A,A,RD2,RD2_19,7295,10,7,"10,7",1,8,0,8
RD,Rhidorroch,orange,A,A,RD8,RD8_19,7359,12,7,"12,7",1,7,0,7
RD,Rhidorroch,orange,A,A,RD9,RD9_27,7548,18,4,"18,4",1,52,0,52
RD,Rhidorroch,orange,A,A,RD1,RD1_19,7612,20,4,"20,4",1,29,0,29
RD,Rhidorroch,orange,A,A,RD9,RD9_4,7042,23,2,"23,2",2,7,0,7
RD,Rhidorroch,orange,A,A,RD7,RD7_1,7048,23,8,"23,8",2,52,0,52
RD,Rhidorroch,orange,A,A,RD10,RD10_11,7204,28,4,"28,4",2,4,0,4
RD,Rhidorroch,orange,A,A,RD8,RD8_11,7233,29,1,"29,1",2,2,0,2
RD,Rhidorroch,orange,A,A,RD1,RD1_27,7271,30,7,"30,7",2,1,4,5
RD,Rhidorroch,orange,A,A,RD5,RD5_19,7332,32,4,"32,4",2,0,0,0
RD,Rhidorroch,orange,A,A,RD2,RD2_11,7528,38,8,"38,8",2,47,1,48
RD,Rhidorroch,orange,A,A,RD3,RD3_18,7521,38,1,"38,1",2,0,0,0
RD,Rhidorroch,orange,A,A,RD10,RD10_4,7020,43,4,"43,4",3,12,0,12
RD,Rhidorroch,orange,A,A,RD5,RD5_30,7280,51,8,"51,8",3,12,3,15
RD,Rhidorroch,orange,A,A,RD1,RD1_23,7370,54,2,"54,2",3,0,15,15
RD,Rhidorroch,orange,A,A,RD9,RD9_18,7403,55,3,"55,3",3,0,0,0
RD,Rhidorroch,orange,A,A,RD2,RD2_18,7466,57,2,"57,2",3,0,43,43
RD,Rhidorroch,orange,A,A,RD8,RD8_1,7470,57,6,"57,6",3,4,0,4
RD,Rhidorroch,orange,A,A,RD3,RD3_4,7471,57,7,"57,7",3,103,0,103
RD,Rhidorroch,orange,A,A,RD7,RD7_12,7533,59,5,"59,5",3,25,0,25
RD,Rhidorroch,orange,A,A,RD3,RD3_19,7190,69,6,"69,6",4,1,0,1
RD,Rhidorroch,orange,A,A,RD7,RD7_20,7192,69,8,"69,8",4,0,0,0
RD,Rhidorroch,orange,A,A,RD8,RD8_18,7222,70,6,"70,6",4,1,0,1
RD,Rhidorroch,orange,A,A,RD9,RD9_30,7219,70,3,"70,3",4,5,0,5
RD,Rhidorroch,orange,A,A,RD10,RD10_12,7255,71,7,"71,7",4,0,0,0
RD,Rhidorroch,orange,A,A,RD5,RD5_23,7478,78,6,"78,6",4,0,0,0
RD,Rhidorroch,orange,A,A,RD1,RD1_12,7603,82,3,"82,3",4,0,0,0
RD,Rhidorroch,orange,A,A,RD2,RD2_30,7602,82,2,"82,2",4,1,0,1
RM,Rothiemurchus,blue,D,B,RM7,RM7_19,7004,1,4,"1,4",1,1,0,1
RM,Rothiemurchus,blue,D,B,RM6,RM6_12,7065,3,1,"3,1",1,0,0,0
RM,Rothiemurchus,blue,D,B,RM9,RM9_11,7259,9,3,"9,3",1,3,10,13
RM,Rothiemurchus,blue,D,B,RM10,RM10_19,7324,11,4,"11,4",1,4,0,4
RM,Rothiemurchus,blue,D,B,RM4,RM4_4,7358,12,6,"12,6",1,2,0,2
RM,Rothiemurchus,blue,D,B,RM5,RM5_19,7355,12,3,"12,3",1,0,0,0
RM,Rothiemurchus,blue,D,B,RM1,RM1_12,7391,13,7,"13,7",1,0,0,0
RM,Rothiemurchus,blue,D,B,RM3,RM3_19,7609,20,1,"20,1",1,2,5,7
RM,Rothiemurchus,blue,D,B,RM6,RM6_27,7203,28,3,"28,3",2,3,2,5
RM,Rothiemurchus,blue,D,B,RM10,RM10_23,7202,28,2,"28,2",2,0,0,0
RM,Rothiemurchus,blue,D,B,RM7,RM7_12,7394,34,2,"34,2",2,0,1,1
RM,Rothiemurchus,blue,D,B,RM9,RM9_27,7461,36,5,"36,5",2,0,0,0
RM,Rothiemurchus,blue,D,B,RM1,RM1_19,7523,38,3,"38,3",2,7,0,7
RM,Rothiemurchus,blue,D,B,RM5,RM5_27,7586,40,2,"40,2",2,0,1,1
RM,Rothiemurchus,blue,D,B,RM4,RM4_19,7620,41,4,"41,4",2,5,0,5
RM,Rothiemurchus,blue,D,B,RM3,RM3_20,7623,41,7,"41,7",2,9,0,9
RM,Rothiemurchus,blue,D,B,RM6,RM6_1,7120,46,8,"46,8",3,5,10,15
RM,Rothiemurchus,blue,D,B,RM3,RM3_1,7115,46,3,"46,3",3,15,0,15
RM,Rothiemurchus,blue,D,B,RM1,RM1_30,7145,47,1,"47,1",3,1,0,1
RM,Rothiemurchus,blue,D,B,RM7,RM7_18,7216,49,8,"49,8",3,5,3,8
RM,Rothiemurchus,blue,D,B,RM9,RM9_18,7372,54,4,"54,4",3,2,21,23
RM,Rothiemurchus,blue,D,B,RM10,RM10_30,7402,55,2,"55,2",3,0,0,0
RM,Rothiemurchus,blue,D,B,RM4,RM4_20,7436,56,4,"56,4",3,1,7,8
RM,Rothiemurchus,blue,D,B,RM5,RM5_23,7596,61,4,"61,4",3,12,0,12
RM,Rothiemurchus,blue,D,B,RM6,RM6_11,7031,64,7,"64,7",4,4,1,5
RM,Rothiemurchus,blue,D,B,RM5,RM5_30,7125,67,5,"67,5",4,0,1,1
RM,Rothiemurchus,blue,D,B,RM7,RM7_23,7249,71,1,"71,1",4,0,0,0
RM,Rothiemurchus,blue,D,B,RM9,RM9_12,7285,72,5,"72,5",4,0,0,0
RM,Rothiemurchus,blue,D,B,RM10,RM10_1,7352,74,8,"74,8",4,2,0,2
RM,Rothiemurchus,blue,D,B,RM4,RM4_23,7411,76,3,"76,3",4,5,0,5
RM,Rothiemurchus,blue,D,B,RM3,RM3_27,7538,80,2,"80,2",4,0,0,0
RM,Rothiemurchus,blue,D,B,RM1,RM1_11,7665,84,1,"84,1",4,3,0,3
SD,Shieldaig,yellow,B,A,SD1,SD1_27,7038,2,6,"2,6",1,3,0,3
SD,Shieldaig,yellow,B,A,SD10,SD10_30,7068,3,4,"3,4",1,3,0,3
SD,Shieldaig,yellow,B,A,SD7,SD7_18,7104,4,8,"4,8",1,1,1,2
SD,Shieldaig,yellow,B,A,SD2,SD2_18,7264,9,8,"9,8",1,3,3,6
SD,Shieldaig,yellow,B,A,SD8,SD8_18,7328,11,8,"11,8",1,0,0,0
SD,Shieldaig,yellow,B,A,SD4,SD4_27,7484,16,4,"16,4",1,7,0,7
SD,Shieldaig,yellow,B,A,SD9,SD9_1,7546,18,2,"18,2",1,4,1,5
SD,Shieldaig,yellow,B,A,SD6,SD6_23,7584,19,8,"19,8",1,16,0,16
SD,Shieldaig,yellow,B,A,SD7,SD7_20,7011,22,3,"22,3",2,1,2,3
SD,Shieldaig,yellow,B,A,SD10,SD10_19,7043,23,3,"23,3",2,1,9,10
SD,Shieldaig,yellow,B,A,SD8,SD8_20,7144,26,8,"26,8",2,3,0,3
SD,Shieldaig,yellow,B,A,SD4,SD4_30,7137,26,1,"26,1",2,0,0,0
SD,Shieldaig,yellow,B,A,SD6,SD6_20,7239,29,7,"29,7",2,9,0,9
SD,Shieldaig,yellow,B,A,SD1,SD1_12,7265,30,1,"30,1",2,16,14,30
SD,Shieldaig,yellow,B,A,SD9,SD9_30,7397,34,5,"34,5",2,3,0,3
SD,Shieldaig,yellow,B,A,SD2,SD2_1,7524,38,4,"38,4",2,0,0,0
SD,Shieldaig,yellow,B,A,SD1,SD1_23,7147,47,3,"47,3",3,7,0,7
SD,Shieldaig,yellow,B,A,SD7,SD7_12,7248,50,8,"50,8",3,5,5,10
SD,Shieldaig,yellow,B,A,SD8,SD8_11,7340,53,4,"53,4",3,3,0,3
SD,Shieldaig,yellow,B,A,SD6,SD6_30,7371,54,3,"54,3",3,0,0,0
SD,Shieldaig,yellow,B,A,SD10,SD10_11,7369,54,1,"54,1",3,0,0,0
SD,Shieldaig,yellow,B,A,SD9,SD9_18,7465,57,1,"57,1",3,1,3,4
SD,Shieldaig,yellow,B,A,SD4,SD4_20,7568,60,8,"60,8",3,30,0,30
SD,Shieldaig,yellow,B,A,SD2,SD2_27,7629,62,5,"62,5",3,10,1,11
SD,Shieldaig,yellow,B,A,SD6,SD6_27,7187,69,3,"69,3",4,0,0,0
SD,Shieldaig,yellow,B,A,SD2,SD2_4,7313,73,1,"73,1",4,1,1,2
SD,Shieldaig,yellow,B,A,SD9,SD9_12,7347,74,3,"74,3",4,1,6,7
SD,Shieldaig,yellow,B,A,SD8,SD8_1,7414,76,6,"76,6",4,5,0,5
SD,Shieldaig,yellow,B,A,SD4,SD4_19,7572,81,4,"81,4",4,0,0,0
SD,Shieldaig,yellow,B,A,SD7,SD7_4,7576,81,8,"81,8",4,1,0,1
SD,Shieldaig,yellow,B,A,SD1,SD1_19,7605,82,5,"82,5",4,2,0,2
SD,Shieldaig,yellow,B,A,SD10,SD10_12,7637,83,5,"83,5",4,0,0,0
SO,Strath Oykel,orange,A,A,SO2,SO2_11,7005,1,5,"1,5",1,0,0,0
SO,Strath Oykel,orange,A,A,SO6,SO6_12,7071,3,7,"3,7",1,0,0,0
SO,Strath Oykel,orange,A,A,SO4,SO4_30,7166,6,6,"6,6",1,3,0,3
SO,Strath Oykel,orange,A,A,SO5,SO5_18,7196,7,4,"7,4",1,4,0,4
SO,Strath Oykel,orange,A,A,SO7,SO7_1,7258,9,2,"9,2",1,1,0,1
SO,Strath Oykel,orange,A,A,SO9,SO9_4,7327,11,7,"11,7",1,3,0,3
SO,Strath Oykel,orange,A,A,SO10,SO10_11,7419,14,3,"14,3",1,1,0,1
SO,Strath Oykel,orange,A,A,SO3,SO3_18,7578,19,2,"19,2",1,26,0,26
SO,Strath Oykel,orange,A,A,SO3,SO3_19,7175,27,7,"27,7",2,1,1,2
SO,Strath Oykel,orange,A,A,SO6,SO6_30,7201,28,1,"28,1",2,1,8,9
SO,Strath Oykel,orange,A,A,SO5,SO5_19,7235,29,3,"29,3",2,7,0,7
SO,Strath Oykel,orange,A,A,SO7,SO7_23,7363,33,3,"33,3",2,8,7,15
SO,Strath Oykel,orange,A,A,SO4,SO4_19,7364,33,4,"33,4",2,4,0,4
SO,Strath Oykel,orange,A,A,SO10,SO10_1,7365,33,5,"33,5",2,0,0,0
SO,Strath Oykel,orange,A,A,SO2,SO2_27,7494,37,6,"37,6",2,0,0,0
SO,Strath Oykel,orange,A,A,SO9,SO9_1,7556,39,4,"39,4",2,0,0,0
SO,Strath Oykel,orange,A,A,SO10,SO10_27,7024,43,8,"43,8",3,14,0,14
SO,Strath Oykel,orange,A,A,SO3,SO3_12,7214,49,6,"49,6",3,24,0,24
SO,Strath Oykel,orange,A,A,SO4,SO4_20,7246,50,6,"50,6",3,6,7,13
SO,Strath Oykel,orange,A,A,SO5,SO5_27,7307,52,3,"52,3",3,4,13,17
SO,Strath Oykel,orange,A,A,SO9,SO9_18,7339,53,3,"53,3",3,44,0,44
SO,Strath Oykel,orange,A,A,SO7,SO7_12,7437,56,5,"56,5",3,7,3,10
SO,Strath Oykel,orange,A,A,SO2,SO2_1,7467,57,3,"57,3",3,42,0,42
SO,Strath Oykel,orange,A,A,SO6,SO6_23,7599,61,7,"61,7",3,81,2,83
SO,Strath Oykel,orange,A,A,SO3,SO3_1,7092,66,4,"66,4",4,0,0,0
SO,Strath Oykel,orange,A,A,SO6,SO6_20,7155,68,3,"68,3",4,3,1,4
SO,Strath Oykel,orange,A,A,SO4,SO4_11,7223,70,7,"70,7",4,0,1,1
SO,Strath Oykel,orange,A,A,SO5,SO5_23,7319,73,7,"73,7",4,0,0,0
SO,Strath Oykel,orange,A,A,SO7,SO7_4,7604,82,4,"82,4",4,4,0,4
SO,Strath Oykel,orange,A,A,SO10,SO10_12,7639,83,7,"83,7",4,8,0,8
SO,Strath Oykel,orange,A,A,SO9,SO9_27,7640,83,8,"83,8",4,8,0,8
SO,Strath Oykel,orange,A,A,SO2,SO2_30,7667,84,3,"84,3",4,1,0,1